id,formula,description
0_Ag2BiO3,Ag 2 Bi 1 O 3,"Ag 2 Bi 1 O 3 has HOMO character of d, HOMO element of Ag, HOMO energy of -30, LUMO character of d, LUMO element of Ag, LUMO energy of -30."
1_Ag2CO3,Ag 2 C 1 O 3,"Ag 2 C 1 O 3 has HOMO character of d, HOMO element of Ag, HOMO energy of -30, LUMO character of d, LUMO element of Ag, LUMO energy of -30."
2_Ag2GePbS4,Ag 2 Ge 1 Pb 1 S 4,"Ag 2 Ge 1 Pb 1 S 4 has HOMO character of p, HOMO element of S, HOMO energy of -26, LUMO character of p, LUMO element of S, LUMO energy of -26."
3_Ag2GeS3,Ag 2 Ge 1 S 3,"Ag 2 Ge 1 S 3 has HOMO character of p, HOMO element of S, HOMO energy of -26, LUMO character of p, LUMO element of S, LUMO energy of -26."
4_Ag2HgO2,Ag 2 Hg 1 O 2,"Ag 2 Hg 1 O 2 has HOMO character of d, HOMO element of Ag, HOMO energy of -30, LUMO character of s, LUMO element of Hg, LUMO energy of -21, gap AO of 94."
5_Ag2Mo2O7,Ag 2 Mo 2 O 7,"Ag 2 Mo 2 O 7 has HOMO character of d, HOMO element of Ag, HOMO energy of -30, LUMO character of s, LUMO element of Ag, LUMO energy of -16, gap AO of 141."
6_Ag2MoO4,Ag 2 Mo 1 O 4,"Ag 2 Mo 1 O 4 has HOMO character of d, HOMO element of Ag, HOMO energy of -30, LUMO character of s, LUMO element of Ag, LUMO energy of -16, gap AO of 141."
7_Ag2P2PbO7,Ag 2 P 2 Pb 1 O 7,"Ag 2 P 2 Pb 1 O 7 has HOMO character of d, HOMO element of Ag, HOMO energy of -30, LUMO character of d, LUMO element of Ag, LUMO energy of -30."
8_Ag2SeO3,Ag 2 Se 1 O 3,"Ag 2 Se 1 O 3 has HOMO character of d, HOMO element of Ag, HOMO energy of -30, LUMO character of p, LUMO element of Se, LUMO energy of -25, gap AO of 53."
9_Ag2SeO4,Ag 2 Se 1 O 4,"Ag 2 Se 1 O 4 has HOMO character of d, HOMO element of Ag, HOMO energy of -30, LUMO character of d, LUMO element of Ag, LUMO energy of -30."
10_Ag2W2O7,Ag 2 W 2 O 7,"Ag 2 W 2 O 7 has HOMO character of d, HOMO element of Ag, HOMO energy of -30, LUMO character of d, LUMO element of W, LUMO energy of -22, gap AO of 78."
11_Ag3AsS3,Ag 3 As 1 S 3,"Ag 3 As 1 S 3 has HOMO character of p, HOMO element of S, HOMO energy of -26, LUMO character of p, LUMO element of As, LUMO energy of -20, gap AO of 64."
12_Ag3PO4,Ag 3 P 1 O 4,"Ag 3 P 1 O 4 has HOMO character of d, HOMO element of Ag, HOMO energy of -30, LUMO character of d, LUMO element of Ag, LUMO energy of -30."
13_Ag3PS4,Ag 3 P 1 S 4,"Ag 3 P 1 S 4 has HOMO character of p, HOMO element of S, HOMO energy of -26, LUMO character of p, LUMO element of S, LUMO energy of -26."
14_Ag3PSe4,Ag 3 P 1 Se 4,"Ag 3 P 1 Se 4 has HOMO character of p, HOMO element of Se, HOMO energy of -25, LUMO character of p, LUMO element of Se, LUMO energy of -25."
15_Ag4P2S7,Ag 4 P 2 S 7,"Ag 4 P 2 S 7 has HOMO character of p, HOMO element of S, HOMO energy of -26, LUMO character of p, LUMO element of S, LUMO energy of -26."
16_Ag4TeSO4,Ag 4 Te 1 S 1 O 4,"Ag 4 Te 1 S 1 O 4 has HOMO character of p, HOMO element of S, HOMO energy of -26, LUMO character of p, LUMO element of S, LUMO energy of -26."
17_Ag5BiO4,Ag 5 Bi 1 O 4,"Ag 5 Bi 1 O 4 has HOMO character of d, HOMO element of Ag, HOMO energy of -30, LUMO character of p, LUMO element of Bi, LUMO energy of -18, gap AO of 119."
18_Ag5GeO4,Ag 5 Ge 1 O 4,"Ag 5 Ge 1 O 4 has HOMO character of d, HOMO element of Ag, HOMO energy of -30, LUMO character of d, LUMO element of Ag, LUMO energy of -30."
19_Ag5PSeO4,Ag 5 P 1 Se 1 O 4,"Ag 5 P 1 Se 1 O 4 has HOMO character of p, HOMO element of Se, HOMO energy of -25, LUMO character of p, LUMO element of Se, LUMO energy of -25."
20_Ag5SbS4,Ag 5 Sb 1 S 4,"Ag 5 Sb 1 S 4 has HOMO character of p, HOMO element of S, HOMO energy of -26, LUMO character of p, LUMO element of Sb, LUMO energy of -19, gap AO of 76."
21_Ag5TePO4,Ag 5 Te 1 P 1 O 4,"Ag 5 Te 1 P 1 O 4 has HOMO character of p, HOMO element of Te, HOMO energy of -23, LUMO character of p, LUMO element of Te, LUMO energy of -23."
22_AgAsO3,Ag 1 As 1 O 3,"Ag 1 As 1 O 3 has HOMO character of d, HOMO element of Ag, HOMO energy of -30, LUMO character of d, LUMO element of Ag, LUMO energy of -30."
23_AgAsS2,Ag 1 As 1 S 2,"Ag 1 As 1 S 2 has HOMO character of p, HOMO element of S, HOMO energy of -26, LUMO character of p, LUMO element of As, LUMO energy of -20, gap AO of 64."
24_AgB3O5,Ag 1 B 3 O 5,"Ag 1 B 3 O 5 has HOMO character of d, HOMO element of Ag, HOMO energy of -30, LUMO character of d, LUMO element of Ag, LUMO energy of -30."
25_AgBi(PS3)2,Ag 1 Bi 1 P 2 S 6,"Ag 1 Bi 1 P 2 S 6 has HOMO character of p, HOMO element of S, HOMO energy of -26, LUMO character of p, LUMO element of S, LUMO energy of -26."
26_AgBi(PSe3)2,Ag 1 Bi 1 P 2 Se 6,"Ag 1 Bi 1 P 2 Se 6 has HOMO character of p, HOMO element of Se, HOMO energy of -25, LUMO character of p, LUMO element of Se, LUMO energy of -25."
27_AgBi3S5,Ag 1 Bi 3 S 5,"Ag 1 Bi 3 S 5 has HOMO character of p, HOMO element of S, HOMO energy of -26, LUMO character of p, LUMO element of Bi, LUMO energy of -18, gap AO of 81."
28_AgBiS2,Ag 1 Bi 1 S 2,"Ag 1 Bi 1 S 2 has HOMO character of p, HOMO element of S, HOMO energy of -26, LUMO character of p, LUMO element of Bi, LUMO energy of -18, gap AO of 81."
29_AgHg2AsO4,Ag 1 Hg 2 As 1 O 4,"Ag 1 Hg 2 As 1 O 4 has HOMO character of d, HOMO element of Ag, HOMO energy of -30, LUMO character of s, LUMO element of Hg, LUMO energy of -21, gap AO of 94."
30_AgHg2PO4,Ag 1 Hg 2 P 1 O 4,"Ag 1 Hg 2 P 1 O 4 has HOMO character of d, HOMO element of Ag, HOMO energy of -30, LUMO character of p, LUMO element of P, LUMO energy of -21, gap AO of 93."
31_AgHg3SbO6,Ag 1 Hg 3 Sb 1 O 6,"Ag 1 Hg 3 Sb 1 O 6 has HOMO character of d, HOMO element of Ag, HOMO energy of -30, LUMO character of d, LUMO element of Ag, LUMO energy of -30."
32_AgHgAsS3,Ag 1 Hg 1 As 1 S 3,"Ag 1 Hg 1 As 1 S 3 has HOMO character of p, HOMO element of S, HOMO energy of -26, LUMO character of s, LUMO element of Hg, LUMO energy of -21, gap AO of 57."
33_AgNO3,Ag 1 N 1 O 3,"Ag 1 N 1 O 3 has HOMO character of d, HOMO element of Ag, HOMO energy of -30, LUMO character of d, LUMO element of Ag, LUMO energy of -30."
34_AgPO3,Ag 1 P 1 O 3,"Ag 1 P 1 O 3 has HOMO character of d, HOMO element of Ag, HOMO energy of -30, LUMO character of d, LUMO element of Ag, LUMO energy of -30."
35_AgTeO3,Ag 1 Te 1 O 3,"Ag 1 Te 1 O 3 has HOMO character of d, HOMO element of Ag, HOMO energy of -30, LUMO character of d, LUMO element of Ag, LUMO energy of -30."
36_Al2(PS3)3,Al 2 P 3 S 9,"Al 2 P 3 S 9 has HOMO character of p, HOMO element of S, HOMO energy of -26, LUMO character of p, LUMO element of S, LUMO energy of -26."
37_Al2(SO4)3,Al 2 S 3 O 12,"Al 2 S 3 O 12 has HOMO character of p, HOMO element of O, HOMO energy of -34, LUMO character of p, LUMO element of O, LUMO energy of -34."
38_Al2BiS4,Al 2 Bi 1 S 4,"Al 2 Bi 1 S 4 has HOMO character of p, HOMO element of S, HOMO energy of -26, LUMO character of p, LUMO element of S, LUMO energy of -26."
39_Al2BiSe4,Al 2 Bi 1 Se 4,"Al 2 Bi 1 Se 4 has HOMO character of p, HOMO element of Se, HOMO energy of -25, LUMO character of p, LUMO element of Se, LUMO energy of -25."
40_Al2CdS4,Al 2 Cd 1 S 4,"Al 2 Cd 1 S 4 has HOMO character of p, HOMO element of S, HOMO energy of -26, LUMO character of p, LUMO element of S, LUMO energy of -26."
41_Al2CdSe4,Al 2 Cd 1 Se 4,"Al 2 Cd 1 Se 4 has HOMO character of p, HOMO element of Se, HOMO energy of -25, LUMO character of p, LUMO element of Se, LUMO energy of -25."
42_Al2HgS4,Al 2 Hg 1 S 4,"Al 2 Hg 1 S 4 has HOMO character of p, HOMO element of S, HOMO energy of -26, LUMO character of p, LUMO element of S, LUMO energy of -26."
43_Al2HgSe4,Al 2 Hg 1 Se 4,"Al 2 Hg 1 Se 4 has HOMO character of p, HOMO element of Se, HOMO energy of -25, LUMO character of p, LUMO element of Se, LUMO energy of -25."
44_Al2O3,Al 2 O 3,"Al 2 O 3 has HOMO character of p, HOMO element of O, HOMO energy of -34, LUMO character of s, LUMO element of Al, LUMO energy of -29, gap AO of 51."
45_Al2PbS4,Al 2 Pb 1 S 4,"Al 2 Pb 1 S 4 has HOMO character of p, HOMO element of S, HOMO energy of -26, LUMO character of p, LUMO element of S, LUMO energy of -26."
46_Al2PbSe4,Al 2 Pb 1 Se 4,"Al 2 Pb 1 Se 4 has HOMO character of p, HOMO element of Se, HOMO energy of -25, LUMO character of p, LUMO element of Se, LUMO energy of -25."
47_Al2SiO5,Al 2 Si 1 O 5,"Al 2 Si 1 O 5 has HOMO character of p, HOMO element of O, HOMO energy of -34, LUMO character of p, LUMO element of O, LUMO energy of -34."
48_Al2ZnO4,Al 2 Zn 1 O 4,"Al 2 Zn 1 O 4 has HOMO character of p, HOMO element of O, HOMO energy of -34, LUMO character of s, LUMO element of Al, LUMO energy of -29, gap AO of 51."
49_Al2ZnSe4,Al 2 Zn 1 Se 4,"Al 2 Zn 1 Se 4 has HOMO character of p, HOMO element of Se, HOMO energy of -25, LUMO character of p, LUMO element of Se, LUMO energy of -25."
50_Al3NO3,Al 3 N 1 O 3,"Al 3 N 1 O 3 has HOMO character of s, HOMO element of Al, HOMO energy of -29, LUMO character of p, LUMO element of N, LUMO energy of -27, gap AO of 21."
51_Al4(B2O5)3,Al 4 B 6 O 15,"Al 4 B 6 O 15 has HOMO character of p, HOMO element of O, HOMO energy of -34, LUMO character of p, LUMO element of O, LUMO energy of -34."
52_Al4Bi2O9,Al 4 Bi 2 O 9,"Al 4 Bi 2 O 9 has HOMO character of p, HOMO element of O, HOMO energy of -34, LUMO character of s, LUMO element of Al, LUMO energy of -29, gap AO of 51."
53_AlAg(PSe3)2,Al 1 Ag 1 P 2 Se 6,"Al 1 Ag 1 P 2 Se 6 has HOMO character of p, HOMO element of Se, HOMO energy of -25, LUMO character of p, LUMO element of Se, LUMO energy of -25."
54_AlAgSe2,Al 1 Ag 1 Se 2,"Al 1 Ag 1 Se 2 has HOMO character of p, HOMO element of Se, HOMO energy of -25, LUMO character of p, LUMO element of Se, LUMO energy of -25."
55_AlBO3,Al 1 B 1 O 3,"Al 1 B 1 O 3 has HOMO character of p, HOMO element of O, HOMO energy of -34, LUMO character of p, LUMO element of O, LUMO energy of -34."
56_AlBPbO4,Al 1 B 1 Pb 1 O 4,"Al 1 B 1 Pb 1 O 4 has HOMO character of p, HOMO element of O, HOMO energy of -34, LUMO character of p, LUMO element of O, LUMO energy of -34."
57_AlCuO2,Al 1 Cu 1 O 2,"Al 1 Cu 1 O 2 has HOMO character of d, HOMO element of Cu, HOMO energy of -20, LUMO character of d, LUMO element of Cu, LUMO energy of -20."
58_AlCuS2,Al 1 Cu 1 S 2,"Al 1 Cu 1 S 2 has HOMO character of d, HOMO element of Cu, HOMO energy of -20, LUMO character of d, LUMO element of Cu, LUMO energy of -20."
59_AlCuSe2,Al 1 Cu 1 Se 2,"Al 1 Cu 1 Se 2 has HOMO character of d, HOMO element of Cu, HOMO energy of -20, LUMO character of d, LUMO element of Cu, LUMO energy of -20."
60_AlPO4,Al 1 P 1 O 4,"Al 1 P 1 O 4 has HOMO character of p, HOMO element of O, HOMO energy of -34, LUMO character of p, LUMO element of O, LUMO energy of -34."
61_AlSbO4,Al 1 Sb 1 O 4,"Al 1 Sb 1 O 4 has HOMO character of p, HOMO element of O, HOMO energy of -34, LUMO character of p, LUMO element of O, LUMO energy of -34."
62_AlTl(MoO4)2,Al 1 Tl 1 Mo 2 O 8,"Al 1 Tl 1 Mo 2 O 8 has HOMO character of s, HOMO element of Al, HOMO energy of -29, LUMO character of s, LUMO element of Tl, LUMO energy of -29, gap AO of 2."
63_AlTlS2,Al 1 Tl 1 S 2,"Al 1 Tl 1 S 2 has HOMO character of p, HOMO element of S, HOMO energy of -26, LUMO character of p, LUMO element of S, LUMO energy of -26."
64_AlTlSe2,Al 1 Tl 1 Se 2,"Al 1 Tl 1 Se 2 has HOMO character of p, HOMO element of Se, HOMO energy of -25, LUMO character of p, LUMO element of Se, LUMO energy of -25."
65_AlTlSi3O8,Al 1 Tl 1 Si 3 O 8,"Al 1 Tl 1 Si 3 O 8 has HOMO character of p, HOMO element of O, HOMO energy of -34, LUMO character of p, LUMO element of O, LUMO energy of -34."
66_AlVO4,Al 1 V 1 O 4,"Al 1 V 1 O 4 has HOMO character of p, HOMO element of O, HOMO energy of -34, LUMO character of s, LUMO element of Al, LUMO energy of -29, gap AO of 51."
67_As2O5,As 2 O 5,"As 2 O 5 has HOMO character of p, HOMO element of O, HOMO energy of -34, LUMO character of p, LUMO element of O, LUMO energy of -34."
68_As2Pb2O5,As 2 Pb 2 O 5,"As 2 Pb 2 O 5 has HOMO character of p, HOMO element of O, HOMO energy of -34, LUMO character of p, LUMO element of As, LUMO energy of -20, gap AO of 141."
69_As2Pb3O8,As 2 Pb 3 O 8,"As 2 Pb 3 O 8 has HOMO character of p, HOMO element of O, HOMO energy of -34, LUMO character of p, LUMO element of O, LUMO energy of -34."
70_As2PbO4,As 2 Pb 1 O 4,"As 2 Pb 1 O 4 has HOMO character of p, HOMO element of O, HOMO energy of -34, LUMO character of p, LUMO element of As, LUMO energy of -20, gap AO of 141."
71_As2PbS4,As 2 Pb 1 S 4,"As 2 Pb 1 S 4 has HOMO character of p, HOMO element of S, HOMO energy of -26, LUMO character of p, LUMO element of As, LUMO energy of -20, gap AO of 64."
72_As2SO6,As 2 S 1 O 6,"As 2 S 1 O 6 has HOMO character of p, HOMO element of O, HOMO energy of -34, LUMO character of p, LUMO element of O, LUMO energy of -34."
73_As2Se3,As 2 Se 3,"As 2 Se 3 has HOMO character of p, HOMO element of Se, HOMO energy of -25, LUMO character of p, LUMO element of As, LUMO energy of -20, gap AO of 48."
74_AsPO5,As 1 P 1 O 5,"As 1 P 1 O 5 has HOMO character of p, HOMO element of O, HOMO energy of -34, LUMO character of p, LUMO element of O, LUMO energy of -34."
75_B2O3,B 2 O 3,"B 2 O 3 has HOMO character of p, HOMO element of O, HOMO energy of -34, LUMO character of p, LUMO element of O, LUMO energy of -34."
76_B2S2O9,B 2 S 2 O 9,"B 2 S 2 O 9 has HOMO character of p, HOMO element of O, HOMO energy of -34, LUMO character of p, LUMO element of O, LUMO energy of -34."
77_B6O,B 6 O 1,"B 6 O 1 has HOMO character of p, HOMO element of B, HOMO energy of -14, LUMO character of p, LUMO element of B, LUMO energy of -14."
78_BAsO4,B 1 As 1 O 4,"B 1 As 1 O 4 has HOMO character of p, HOMO element of O, HOMO energy of -34, LUMO character of p, LUMO element of O, LUMO energy of -34."
79_BPO4,B 1 P 1 O 4,"B 1 P 1 O 4 has HOMO character of p, HOMO element of O, HOMO energy of -34, LUMO character of p, LUMO element of O, LUMO energy of -34."
80_BSe2,B 1 Se 2,"B 1 Se 2 has HOMO character of p, HOMO element of Se, HOMO energy of -25, LUMO character of p, LUMO element of Se, LUMO energy of -25."
81_Ba(AgO)2,Ba 1 Ag 2 O 2,"Ba 1 Ag 2 O 2 has HOMO character of d, HOMO element of Ag, HOMO energy of -30, LUMO character of s, LUMO element of Ag, LUMO energy of -16, gap AO of 141."
82_Ba(AlSe2)2,Ba 1 Al 2 Se 4,"Ba 1 Al 2 Se 4 has HOMO character of p, HOMO element of Se, HOMO energy of -25, LUMO character of p, LUMO element of Se, LUMO energy of -25."
83_Ba(BS2)2,Ba 1 B 2 S 4,"Ba 1 B 2 S 4 has HOMO character of p, HOMO element of S, HOMO energy of -26, LUMO character of p, LUMO element of S, LUMO energy of -26."
84_Ba(BSe3)2,Ba 1 B 2 Se 6,"Ba 1 B 2 Se 6 has HOMO character of p, HOMO element of Se, HOMO energy of -25, LUMO character of p, LUMO element of Se, LUMO energy of -25."
85_Ba(CuO)2,Ba 1 Cu 2 O 2,"Ba 1 Cu 2 O 2 has HOMO character of d, HOMO element of Cu, HOMO energy of -20, LUMO character of s, LUMO element of Cu, LUMO energy of -17, gap AO of 30."
86_Ba(CuS)2,Ba 1 Cu 2 S 2,"Ba 1 Cu 2 S 2 has HOMO character of d, HOMO element of Cu, HOMO energy of -20, LUMO character of s, LUMO element of Cu, LUMO energy of -17, gap AO of 30."
87_Ba(CuSe)2,Ba 1 Cu 2 Se 2,"Ba 1 Cu 2 Se 2 has HOMO character of d, HOMO element of Cu, HOMO energy of -20, LUMO character of s, LUMO element of Cu, LUMO energy of -17, gap AO of 30."
88_Ba(GaSe2)2,Ba 1 Ga 2 Se 4,"Ba 1 Ga 2 Se 4 has HOMO character of p, HOMO element of Se, HOMO energy of -25, LUMO character of p, LUMO element of Se, LUMO energy of -25."
89_Ba(NO3)2,Ba 1 N 2 O 6,"Ba 1 N 2 O 6 has HOMO character of p, HOMO element of O, HOMO energy of -34, LUMO character of p, LUMO element of O, LUMO energy of -34."
90_Ba(PO3)2,Ba 1 P 2 O 6,"Ba 1 P 2 O 6 has HOMO character of p, HOMO element of O, HOMO energy of -34, LUMO character of p, LUMO element of O, LUMO energy of -34."
91_Ba(SbO3)2,Ba 1 Sb 2 O 6,"Ba 1 Sb 2 O 6 has HOMO character of p, HOMO element of O, HOMO energy of -34, LUMO character of p, LUMO element of O, LUMO energy of -34."
92_Ba(TeO3)2,Ba 1 Te 2 O 6,"Ba 1 Te 2 O 6 has HOMO character of p, HOMO element of O, HOMO energy of -34, LUMO character of p, LUMO element of O, LUMO energy of -34."
93_Ba(YSe2)2,Ba 1 Y 2 Se 4,"Ba 1 Y 2 Se 4 has HOMO character of p, HOMO element of Se, HOMO energy of -25, LUMO character of s, LUMO element of Y, LUMO energy of -15, gap AO of 95."
94_Ba2As2Se5,Ba 2 As 2 Se 5,"Ba 2 As 2 Se 5 has HOMO character of p, HOMO element of Se, HOMO energy of -25, LUMO character of p, LUMO element of As, LUMO energy of -20, gap AO of 48."
95_Ba2B2O5,Ba 2 B 2 O 5,"Ba 2 B 2 O 5 has HOMO character of p, HOMO element of O, HOMO energy of -34, LUMO character of p, LUMO element of O, LUMO energy of -34."
96_Ba2BiSbO6,Ba 2 Bi 1 Sb 1 O 6,"Ba 2 Bi 1 Sb 1 O 6 has HOMO character of p, HOMO element of O, HOMO energy of -34, LUMO character of p, LUMO element of O, LUMO energy of -34."
97_Ba2Ca(BO2)6,Ba 2 Ca 1 B 6 O 12,"Ba 2 Ca 1 B 6 O 12 has HOMO character of p, HOMO element of O, HOMO energy of -34, LUMO character of p, LUMO element of O, LUMO energy of -34."
98_Ba2Ca(BO3)2,Ba 2 Ca 1 B 2 O 6,"Ba 2 Ca 1 B 2 O 6 has HOMO character of p, HOMO element of O, HOMO energy of -34, LUMO character of p, LUMO element of O, LUMO energy of -34."
99_Ba2CaWO6,Ba 2 Ca 1 W 1 O 6,"Ba 2 Ca 1 W 1 O 6 has HOMO character of p, HOMO element of O, HOMO energy of -34, LUMO character of d, LUMO element of W, LUMO energy of -22, gap AO of 118."
100_Ba2Cd(BO2)6,Ba 2 Cd 1 B 6 O 12,"Ba 2 Cd 1 B 6 O 12 has HOMO character of p, HOMO element of O, HOMO energy of -34, LUMO character of p, LUMO element of O, LUMO energy of -34."
101_Ba2CdGe2O7,Ba 2 Cd 1 Ge 2 O 7,"Ba 2 Cd 1 Ge 2 O 7 has HOMO character of p, HOMO element of O, HOMO energy of -34, LUMO character of p, LUMO element of O, LUMO energy of -34."
102_Ba2CdS3,Ba 2 Cd 1 S 3,"Ba 2 Cd 1 S 3 has HOMO character of p, HOMO element of S, HOMO energy of -26, LUMO character of s, LUMO element of Cd, LUMO energy of -20, gap AO of 57."
103_Ba2CdSe3,Ba 2 Cd 1 Se 3,"Ba 2 Cd 1 Se 3 has HOMO character of p, HOMO element of Se, HOMO energy of -25, LUMO character of s, LUMO element of Cd, LUMO energy of -20, gap AO of 42."
104_Ba2GaSbSe5,Ba 2 Ga 1 Sb 1 Se 5,"Ba 2 Ga 1 Sb 1 Se 5 has HOMO character of p, HOMO element of Se, HOMO energy of -25, LUMO character of p, LUMO element of Se, LUMO energy of -25."
105_Ba2Ge(TeSe)2,Ba 2 Ge 1 Te 2 Se 2,"Ba 2 Ge 1 Te 2 Se 2 has HOMO character of p, HOMO element of Te, HOMO energy of -23, LUMO character of p, LUMO element of Te, LUMO energy of -23."
106_Ba2Ge2Se5,Ba 2 Ge 2 Se 5,"Ba 2 Ge 2 Se 5 has HOMO character of p, HOMO element of Se, HOMO energy of -25, LUMO character of p, LUMO element of Se, LUMO energy of -25."
107_Ba2GeO4,Ba 2 Ge 1 O 4,"Ba 2 Ge 1 O 4 has HOMO character of p, HOMO element of O, HOMO energy of -34, LUMO character of p, LUMO element of O, LUMO energy of -34."
108_Ba2GeSe4,Ba 2 Ge 1 Se 4,"Ba 2 Ge 1 Se 4 has HOMO character of p, HOMO element of Se, HOMO energy of -25, LUMO character of p, LUMO element of Se, LUMO energy of -25."
109_Ba2HfO4,Ba 2 Hf 1 O 4,"Ba 2 Hf 1 O 4 has HOMO character of p, HOMO element of O, HOMO energy of -34, LUMO character of s, LUMO element of Hf, LUMO energy of -17, gap AO of 172."
110_Ba2HgS3,Ba 2 Hg 1 S 3,"Ba 2 Hg 1 S 3 has HOMO character of p, HOMO element of S, HOMO energy of -26, LUMO character of s, LUMO element of Hg, LUMO energy of -21, gap AO of 57."
111_Ba2HgS5,Ba 2 Hg 1 S 5,"Ba 2 Hg 1 S 5 has HOMO character of p, HOMO element of S, HOMO energy of -26, LUMO character of p, LUMO element of S, LUMO energy of -26."
112_Ba2In2O5,Ba 2 In 2 O 5,"Ba 2 In 2 O 5 has HOMO character of p, HOMO element of O, HOMO energy of -34, LUMO character of s, LUMO element of In, LUMO energy of -29, gap AO of 48."
113_Ba2InBiSe5,Ba 2 In 1 Bi 1 Se 5,"Ba 2 In 1 Bi 1 Se 5 has HOMO character of p, HOMO element of Se, HOMO energy of -25, LUMO character of p, LUMO element of Se, LUMO energy of -25."
114_Ba2InGaO5,Ba 2 In 1 Ga 1 O 5,"Ba 2 In 1 Ga 1 O 5 has HOMO character of p, HOMO element of O, HOMO energy of -34, LUMO character of s, LUMO element of Ga, LUMO energy of -33, gap AO of 10."
115_Ba2InSbSe5,Ba 2 In 1 Sb 1 Se 5,"Ba 2 In 1 Sb 1 Se 5 has HOMO character of p, HOMO element of Se, HOMO energy of -25, LUMO character of p, LUMO element of Se, LUMO energy of -25."
116_Ba2LaNbO6,Ba 2 La 1 Nb 1 O 6,"Ba 2 La 1 Nb 1 O 6 has HOMO character of p, HOMO element of O, HOMO energy of -34, LUMO character of s, LUMO element of Nb, LUMO energy of -14, gap AO of 194."
117_Ba2LaTaO6,Ba 2 La 1 Ta 1 O 6,"Ba 2 La 1 Ta 1 O 6 has HOMO character of p, HOMO element of O, HOMO energy of -34, LUMO character of d, LUMO element of Ta, LUMO energy of -18, gap AO of 156."
118_Ba2Li(BO2)5,Ba 2 Li 1 B 5 O 10,"Ba 2 Li 1 B 5 O 10 has HOMO character of p, HOMO element of O, HOMO energy of -34, LUMO character of p, LUMO element of O, LUMO energy of -34."
119_Ba2Mg(BO2)6,Ba 2 Mg 1 B 6 O 12,"Ba 2 Mg 1 B 6 O 12 has HOMO character of p, HOMO element of O, HOMO energy of -34, LUMO character of p, LUMO element of O, LUMO energy of -34."
120_Ba2Mg(BO3)2,Ba 2 Mg 1 B 2 O 6,"Ba 2 Mg 1 B 2 O 6 has HOMO character of p, HOMO element of O, HOMO energy of -34, LUMO character of p, LUMO element of O, LUMO energy of -34."
121_Ba2MgMoO6,Ba 2 Mg 1 Mo 1 O 6,"Ba 2 Mg 1 Mo 1 O 6 has HOMO character of p, HOMO element of O, HOMO energy of -34, LUMO character of s, LUMO element of Mg, LUMO energy of -18, gap AO of 163."
122_Ba2MgSi2O7,Ba 2 Mg 1 Si 2 O 7,"Ba 2 Mg 1 Si 2 O 7 has HOMO character of p, HOMO element of O, HOMO energy of -34, LUMO character of p, LUMO element of O, LUMO energy of -34."
123_Ba2MgWO6,Ba 2 Mg 1 W 1 O 6,"Ba 2 Mg 1 W 1 O 6 has HOMO character of p, HOMO element of O, HOMO energy of -34, LUMO character of d, LUMO element of W, LUMO energy of -22, gap AO of 118."
124_Ba2PbO4,Ba 2 Pb 1 O 4,"Ba 2 Pb 1 O 4 has HOMO character of p, HOMO element of O, HOMO energy of -34, LUMO character of p, LUMO element of O, LUMO energy of -34."
125_Ba2Sc2O5,Ba 2 Sc 2 O 5,"Ba 2 Sc 2 O 5 has HOMO character of p, HOMO element of O, HOMO energy of -34, LUMO character of s, LUMO element of Sc, LUMO energy of -16, gap AO of 182."
126_Ba2ScNbO6,Ba 2 Sc 1 Nb 1 O 6,"Ba 2 Sc 1 Nb 1 O 6 has HOMO character of p, HOMO element of O, HOMO energy of -34, LUMO character of s, LUMO element of Sc, LUMO energy of -16, gap AO of 182."
127_Ba2ScTaO6,Ba 2 Sc 1 Ta 1 O 6,"Ba 2 Sc 1 Ta 1 O 6 has HOMO character of p, HOMO element of O, HOMO energy of -34, LUMO character of d, LUMO element of Ta, LUMO energy of -18, gap AO of 156."
128_Ba2SiO4,Ba 2 Si 1 O 4,"Ba 2 Si 1 O 4 has HOMO character of p, HOMO element of O, HOMO energy of -34, LUMO character of p, LUMO element of O, LUMO energy of -34."
129_Ba2SiSe4,Ba 2 Si 1 Se 4,"Ba 2 Si 1 Se 4 has HOMO character of p, HOMO element of Se, HOMO energy of -25, LUMO character of p, LUMO element of Se, LUMO energy of -25."
130_Ba2SnO4,Ba 2 Sn 1 O 4,"Ba 2 Sn 1 O 4 has HOMO character of p, HOMO element of O, HOMO energy of -34, LUMO character of p, LUMO element of O, LUMO energy of -34."
131_Ba2SnS4,Ba 2 Sn 1 S 4,"Ba 2 Sn 1 S 4 has HOMO character of p, HOMO element of S, HOMO energy of -26, LUMO character of p, LUMO element of S, LUMO energy of -26."
132_Ba2SnSe4,Ba 2 Sn 1 Se 4,"Ba 2 Sn 1 Se 4 has HOMO character of p, HOMO element of Se, HOMO energy of -25, LUMO character of p, LUMO element of Se, LUMO energy of -25."
133_Ba2SrTeO6,Ba 2 Sr 1 Te 1 O 6,"Ba 2 Sr 1 Te 1 O 6 has HOMO character of p, HOMO element of O, HOMO energy of -34, LUMO character of p, LUMO element of O, LUMO energy of -34."
134_Ba2SrWO6,Ba 2 Sr 1 W 1 O 6,"Ba 2 Sr 1 W 1 O 6 has HOMO character of p, HOMO element of O, HOMO energy of -34, LUMO character of d, LUMO element of W, LUMO energy of -22, gap AO of 118."
135_Ba2TaBiO6,Ba 2 Ta 1 Bi 1 O 6,"Ba 2 Ta 1 Bi 1 O 6 has HOMO character of p, HOMO element of O, HOMO energy of -34, LUMO character of d, LUMO element of Ta, LUMO energy of -18, gap AO of 156."
136_Ba2TeO,Ba 2 Te 1 O 1,"Ba 2 Te 1 O 1 has HOMO character of p, HOMO element of Te, HOMO energy of -23, LUMO character of s, LUMO element of Ba, LUMO energy of -12, gap AO of 108."
137_Ba2TeP2O9,Ba 2 Te 1 P 2 O 9,"Ba 2 Te 1 P 2 O 9 has HOMO character of p, HOMO element of O, HOMO energy of -34, LUMO character of p, LUMO element of O, LUMO energy of -34."
138_Ba2Tl2O5,Ba 2 Tl 2 O 5,"Ba 2 Tl 2 O 5 has HOMO character of p, HOMO element of O, HOMO energy of -34, LUMO character of s, LUMO element of Tl, LUMO energy of -29, gap AO of 53."
139_Ba2V2Te2O11,Ba 2 V 2 Te 2 O 11,"Ba 2 V 2 Te 2 O 11 has HOMO character of p, HOMO element of O, HOMO energy of -34, LUMO character of p, LUMO element of Te, LUMO energy of -23, gap AO of 112."
140_Ba2YGaSe5,Ba 2 Y 1 Ga 1 Se 5,"Ba 2 Y 1 Ga 1 Se 5 has HOMO character of p, HOMO element of Se, HOMO energy of -25, LUMO character of p, LUMO element of Se, LUMO energy of -25."
141_Ba2YTaO6,Ba 2 Y 1 Ta 1 O 6,"Ba 2 Y 1 Ta 1 O 6 has HOMO character of p, HOMO element of O, HOMO energy of -34, LUMO character of d, LUMO element of Ta, LUMO energy of -18, gap AO of 156."
142_Ba2Zn3(AsO)2,Ba 2 Zn 3 As 2 O 2,"Ba 2 Zn 3 As 2 O 2 has HOMO character of p, HOMO element of As, HOMO energy of -20, LUMO character of p, LUMO element of As, LUMO energy of -20."
143_Ba2ZnGe2O7,Ba 2 Zn 1 Ge 2 O 7,"Ba 2 Zn 1 Ge 2 O 7 has HOMO character of p, HOMO element of O, HOMO energy of -34, LUMO character of p, LUMO element of O, LUMO energy of -34."
144_Ba2ZnMoO6,Ba 2 Zn 1 Mo 1 O 6,"Ba 2 Zn 1 Mo 1 O 6 has HOMO character of p, HOMO element of O, HOMO energy of -34, LUMO character of s, LUMO element of Zn, LUMO energy of -22, gap AO of 116."
145_Ba2ZnO3,Ba 2 Zn 1 O 3,"Ba 2 Zn 1 O 3 has HOMO character of p, HOMO element of O, HOMO energy of -34, LUMO character of s, LUMO element of Zn, LUMO energy of -22, gap AO of 116."
146_Ba2ZnS3,Ba 2 Zn 1 S 3,"Ba 2 Zn 1 S 3 has HOMO character of p, HOMO element of S, HOMO energy of -26, LUMO character of s, LUMO element of Zn, LUMO energy of -22, gap AO of 39."
147_Ba2ZnSi2O7,Ba 2 Zn 1 Si 2 O 7,"Ba 2 Zn 1 Si 2 O 7 has HOMO character of p, HOMO element of O, HOMO energy of -34, LUMO character of p, LUMO element of O, LUMO energy of -34."
148_Ba2ZnTeO6,Ba 2 Zn 1 Te 1 O 6,"Ba 2 Zn 1 Te 1 O 6 has HOMO character of p, HOMO element of O, HOMO energy of -34, LUMO character of p, LUMO element of O, LUMO energy of -34."
149_Ba2ZnWO6,Ba 2 Zn 1 W 1 O 6,"Ba 2 Zn 1 W 1 O 6 has HOMO character of p, HOMO element of O, HOMO energy of -34, LUMO character of s, LUMO element of Zn, LUMO energy of -22, gap AO of 116."
150_Ba2ZrO4,Ba 2 Zr 1 O 4,"Ba 2 Zr 1 O 4 has HOMO character of p, HOMO element of O, HOMO energy of -34, LUMO character of s, LUMO element of Zr, LUMO energy of -16, gap AO of 176."
151_Ba2ZrSnO6,Ba 2 Zr 1 Sn 1 O 6,"Ba 2 Zr 1 Sn 1 O 6 has HOMO character of p, HOMO element of O, HOMO energy of -34, LUMO character of p, LUMO element of O, LUMO energy of -34."
152_Ba2ZrTiO6,Ba 2 Zr 1 Ti 1 O 6,"Ba 2 Zr 1 Ti 1 O 6 has HOMO character of p, HOMO element of O, HOMO energy of -34, LUMO character of d, LUMO element of Ti, LUMO energy of -17, gap AO of 168."
153_Ba3(AsO4)2,Ba 3 As 2 O 8,"Ba 3 As 2 O 8 has HOMO character of p, HOMO element of O, HOMO energy of -34, LUMO character of p, LUMO element of O, LUMO energy of -34."
154_Ba3(BO3)2,Ba 3 B 2 O 6,"Ba 3 B 2 O 6 has HOMO character of p, HOMO element of O, HOMO energy of -34, LUMO character of p, LUMO element of O, LUMO energy of -34."
155_Ba3(GaS3)2,Ba 3 Ga 2 S 6,"Ba 3 Ga 2 S 6 has HOMO character of p, HOMO element of S, HOMO energy of -26, LUMO character of p, LUMO element of S, LUMO energy of -26."
156_Ba3(PO4)2,Ba 3 P 2 O 8,"Ba 3 P 2 O 8 has HOMO character of p, HOMO element of O, HOMO energy of -34, LUMO character of p, LUMO element of O, LUMO energy of -34."
157_Ba3(SbO3)2,Ba 3 Sb 2 O 6,"Ba 3 Sb 2 O 6 has HOMO character of p, HOMO element of O, HOMO energy of -34, LUMO character of p, LUMO element of Sb, LUMO energy of -19, gap AO of 153."
158_Ba3(TaS4)2,Ba 3 Ta 2 S 8,"Ba 3 Ta 2 S 8 has HOMO character of p, HOMO element of S, HOMO energy of -26, LUMO character of d, LUMO element of Ta, LUMO energy of -18, gap AO of 79."
159_Ba3Bi2TeO9,Ba 3 Bi 2 Te 1 O 9,"Ba 3 Bi 2 Te 1 O 9 has HOMO character of p, HOMO element of O, HOMO energy of -34, LUMO character of p, LUMO element of O, LUMO energy of -34."
160_Ba3CaTa2O9,Ba 3 Ca 1 Ta 2 O 9,"Ba 3 Ca 1 Ta 2 O 9 has HOMO character of p, HOMO element of O, HOMO energy of -34, LUMO character of d, LUMO element of Ta, LUMO energy of -18, gap AO of 156."
161_Ba3Ga4O9,Ba 3 Ga 4 O 9,"Ba 3 Ga 4 O 9 has HOMO character of p, HOMO element of O, HOMO energy of -34, LUMO character of s, LUMO element of Ga, LUMO energy of -33, gap AO of 10."
162_Ba3Ge2(B3O8)2,Ba 3 Ge 2 B 6 O 16,"Ba 3 Ge 2 B 6 O 16 has HOMO character of p, HOMO element of O, HOMO energy of -34, LUMO character of p, LUMO element of O, LUMO energy of -34."
163_Ba3GeO5,Ba 3 Ge 1 O 5,"Ba 3 Ge 1 O 5 has HOMO character of p, HOMO element of O, HOMO energy of -34, LUMO character of p, LUMO element of O, LUMO energy of -34."
164_Ba3GeS5,Ba 3 Ge 1 S 5,"Ba 3 Ge 1 S 5 has HOMO character of p, HOMO element of S, HOMO energy of -26, LUMO character of p, LUMO element of S, LUMO energy of -26."
165_Ba3In2O6,Ba 3 In 2 O 6,"Ba 3 In 2 O 6 has HOMO character of p, HOMO element of O, HOMO energy of -34, LUMO character of s, LUMO element of In, LUMO energy of -29, gap AO of 48."
166_Ba3MgSb2O9,Ba 3 Mg 1 Sb 2 O 9,"Ba 3 Mg 1 Sb 2 O 9 has HOMO character of p, HOMO element of O, HOMO energy of -34, LUMO character of p, LUMO element of O, LUMO energy of -34."
167_Ba3MgTa2O9,Ba 3 Mg 1 Ta 2 O 9,"Ba 3 Mg 1 Ta 2 O 9 has HOMO character of p, HOMO element of O, HOMO energy of -34, LUMO character of d, LUMO element of Ta, LUMO energy of -18, gap AO of 156."
168_Ba3MgTaNbO9,Ba 3 Mg 1 Ta 1 Nb 1 O 9,"Ba 3 Mg 1 Ta 1 Nb 1 O 9 has HOMO character of p, HOMO element of O, HOMO energy of -34, LUMO character of d, LUMO element of Ta, LUMO energy of -18, gap AO of 156."
169_Ba3NaBiO6,Ba 3 Na 1 Bi 1 O 6,"Ba 3 Na 1 Bi 1 O 6 has HOMO character of p, HOMO element of O, HOMO energy of -34, LUMO character of p, LUMO element of O, LUMO energy of -34."
170_Ba3NaNbO6,Ba 3 Na 1 Nb 1 O 6,"Ba 3 Na 1 Nb 1 O 6 has HOMO character of p, HOMO element of O, HOMO energy of -34, LUMO character of s, LUMO element of Nb, LUMO energy of -14, gap AO of 194."
171_Ba3NaSbO6,Ba 3 Na 1 Sb 1 O 6,"Ba 3 Na 1 Sb 1 O 6 has HOMO character of p, HOMO element of O, HOMO energy of -34, LUMO character of p, LUMO element of O, LUMO energy of -34."
172_Ba3NaTaO6,Ba 3 Na 1 Ta 1 O 6,"Ba 3 Na 1 Ta 1 O 6 has HOMO character of p, HOMO element of O, HOMO energy of -34, LUMO character of d, LUMO element of Ta, LUMO energy of -18, gap AO of 156."
173_Ba3Nb2(P2O9)2,Ba 3 Nb 2 P 4 O 18,"Ba 3 Nb 2 P 4 O 18 has HOMO character of p, HOMO element of O, HOMO energy of -34, LUMO character of p, LUMO element of O, LUMO energy of -34."
174_Ba3Nb2ZnO9,Ba 3 Nb 2 Zn 1 O 9,"Ba 3 Nb 2 Zn 1 O 9 has HOMO character of p, HOMO element of O, HOMO energy of -34, LUMO character of s, LUMO element of Zn, LUMO energy of -22, gap AO of 116."
175_Ba3P4O13,Ba 3 P 4 O 13,"Ba 3 P 4 O 13 has HOMO character of p, HOMO element of O, HOMO energy of -34, LUMO character of p, LUMO element of O, LUMO energy of -34."
176_Ba3P6(N4O3)2,Ba 3 P 6 N 8 O 6,"Ba 3 P 6 N 8 O 6 has HOMO character of p, HOMO element of N, HOMO energy of -27, LUMO character of p, LUMO element of N, LUMO energy of -27."
177_Ba3Sb2O,Ba 3 Sb 2 O 1,"Ba 3 Sb 2 O 1 has HOMO character of p, HOMO element of Sb, HOMO energy of -19, LUMO character of p, LUMO element of Sb, LUMO energy of -19."
178_Ba3Si2(B3O8)2,Ba 3 Si 2 B 6 O 16,"Ba 3 Si 2 B 6 O 16 has HOMO character of p, HOMO element of O, HOMO energy of -34, LUMO character of p, LUMO element of O, LUMO energy of -34."
179_Ba3Si6(NO6)2,Ba 3 Si 6 N 2 O 12,"Ba 3 Si 6 N 2 O 12 has HOMO character of p, HOMO element of O, HOMO energy of -34, LUMO character of p, LUMO element of N, LUMO energy of -27, gap AO of 72."
180_Ba3SiO5,Ba 3 Si 1 O 5,"Ba 3 Si 1 O 5 has HOMO character of p, HOMO element of O, HOMO energy of -34, LUMO character of p, LUMO element of O, LUMO energy of -34."
181_Ba3SrMg2(TeO6)2,Ba 3 Sr 1 Mg 2 Te 2 O 12,"Ba 3 Sr 1 Mg 2 Te 2 O 12 has HOMO character of p, HOMO element of O, HOMO energy of -34, LUMO character of p, LUMO element of O, LUMO energy of -34."
182_Ba3SrSb2O9,Ba 3 Sr 1 Sb 2 O 9,"Ba 3 Sr 1 Sb 2 O 9 has HOMO character of p, HOMO element of O, HOMO energy of -34, LUMO character of p, LUMO element of O, LUMO energy of -34."
183_Ba3Ta6(Si2O13)2,Ba 3 Ta 6 Si 4 O 26,"Ba 3 Ta 6 Si 4 O 26 has HOMO character of p, HOMO element of O, HOMO energy of -34, LUMO character of p, LUMO element of O, LUMO energy of -34."
184_Ba3Te2O9,Ba 3 Te 2 O 9,"Ba 3 Te 2 O 9 has HOMO character of p, HOMO element of O, HOMO energy of -34, LUMO character of p, LUMO element of O, LUMO energy of -34."
185_Ba3Te4O11,Ba 3 Te 4 O 11,"Ba 3 Te 4 O 11 has HOMO character of p, HOMO element of O, HOMO energy of -34, LUMO character of p, LUMO element of Te, LUMO energy of -23, gap AO of 112."
186_Ba3V2O8,Ba 3 V 2 O 8,"Ba 3 V 2 O 8 has HOMO character of p, HOMO element of O, HOMO energy of -34, LUMO character of d, LUMO element of V, LUMO energy of -20, gap AO of 134."
187_Ba3V4O13,Ba 3 V 4 O 13,"Ba 3 V 4 O 13 has HOMO character of p, HOMO element of O, HOMO energy of -34, LUMO character of d, LUMO element of V, LUMO energy of -20, gap AO of 134."
188_Ba3W2O9,Ba 3 W 2 O 9,"Ba 3 W 2 O 9 has HOMO character of p, HOMO element of O, HOMO energy of -34, LUMO character of d, LUMO element of W, LUMO energy of -22, gap AO of 118."
189_Ba3Zn6Si4TeO20,Ba 3 Zn 6 Si 4 Te 1 O 20,"Ba 3 Zn 6 Si 4 Te 1 O 20 has HOMO character of p, HOMO element of O, HOMO energy of -34, LUMO character of p, LUMO element of O, LUMO energy of -34."
190_Ba3ZnN2O,Ba 3 Zn 1 N 2 O 1,"Ba 3 Zn 1 N 2 O 1 has HOMO character of p, HOMO element of N, HOMO energy of -27, LUMO character of s, LUMO element of Zn, LUMO energy of -22, gap AO of 44."
191_Ba3ZnSb2O9,Ba 3 Zn 1 Sb 2 O 9,"Ba 3 Zn 1 Sb 2 O 9 has HOMO character of p, HOMO element of O, HOMO energy of -34, LUMO character of p, LUMO element of O, LUMO energy of -34."
192_Ba4B2N4O,Ba 4 B 2 N 4 O 1,"Ba 4 B 2 N 4 O 1 has HOMO character of p, HOMO element of N, HOMO energy of -27, LUMO character of p, LUMO element of N, LUMO energy of -27."
193_Ba4Bi2O,Ba 4 Bi 2 O 1,"Ba 4 Bi 2 O 1 has HOMO character of p, HOMO element of Bi, HOMO energy of -18, LUMO character of s, LUMO element of Ba, LUMO energy of -12, gap AO of 61."
194_Ba4In2Te2S5,Ba 4 In 2 Te 2 S 5,"Ba 4 In 2 Te 2 S 5 has HOMO character of p, HOMO element of Te, HOMO energy of -23, LUMO character of p, LUMO element of Te, LUMO energy of -23."
195_Ba4In2Te2Se5,Ba 4 In 2 Te 2 Se 5,"Ba 4 In 2 Te 2 Se 5 has HOMO character of p, HOMO element of Te, HOMO energy of -23, LUMO character of p, LUMO element of Te, LUMO energy of -23."
196_Ba4InSbO8,Ba 4 In 1 Sb 1 O 8,"Ba 4 In 1 Sb 1 O 8 has HOMO character of p, HOMO element of O, HOMO energy of -34, LUMO character of p, LUMO element of O, LUMO energy of -34."
197_Ba4Li(SbO4)3,Ba 4 Li 1 Sb 3 O 12,"Ba 4 Li 1 Sb 3 O 12 has HOMO character of p, HOMO element of O, HOMO energy of -34, LUMO character of p, LUMO element of O, LUMO energy of -34."
198_Ba4Na(SbO4)3,Ba 4 Na 1 Sb 3 O 12,"Ba 4 Na 1 Sb 3 O 12 has HOMO character of p, HOMO element of O, HOMO energy of -34, LUMO character of p, LUMO element of O, LUMO energy of -34."
199_Ba4Nb2WO12,Ba 4 Nb 2 W 1 O 12,"Ba 4 Nb 2 W 1 O 12 has HOMO character of p, HOMO element of O, HOMO energy of -34, LUMO character of d, LUMO element of W, LUMO energy of -22, gap AO of 118."
